"GCAM_region_ID","GLU","prot_frac"
1,7,0.932275906555268
1,23,0.107775698305972
1,27,0.813371491618454
1,96,0.0621553763226073
1,101,0.278750426874255
1,217,0.553375978923795
1,218,0.0758135843884849
1,219,0.0920280839587987
1,220,0.673534724618917
1,221,0.464822705630409
1,222,0.8120414099691
1,223,0.0871278008413248
1,224,0.0492115696577703
1,225,0.0598119931848135
1,226,0.102195258463501
1,227,0.187936010577436
1,228,0.0615425344331999
1,229,0.458904355163779
1,230,0.113839951737663
1,231,0.153999963587867
1,232,0.154635768268471
1,233,0.179429971834319
1,234,0.375958984304407
2,87,0.318510844577958
2,100,0.687154997961807
2,144,0.919560603844627
2,151,0.0226537406170971
2,170,0.17840537198766
2,171,0.235771351981498
2,177,0.107412897999613
2,179,0.370950528518773
2,183,0.132094613185674
3,75,0.941918422454397
3,80,0.533039174150733
3,86,0.69988746734628
3,87,0.838251891676733
3,95,0.997626157860227
3,98,0.994749078943633
3,100,0.998360355084508
3,144,0.976447892030623
3,149,0.999932994873022
3,151,0.999793819453884
4,87,0.178418035966441
4,162,0.0391247064422676
4,171,0.157011257741817
4,179,0.109705881687664
4,182,0.117737895882399
4,183,0.0854517684233518
4,188,0.19183679435473
4,190,0.0433534762974656
4,194,0.341370210322049
4,196,0.636345869120268
4,197,0.157894260380917
4,198,0.112775633303854
4,199,0.0622458177368901
5,86,0.865869751549973
5,87,0.34068484594129
5,142,0.0625082367593938
5,144,0.94277409261026
5,149,0.195803043911926
5,151,0.565383416247586
5,152,0.109694713503333
5,160,0.0993196920526582
5,162,0.0746081575785335
5,183,0.0928604177090458
5,188,0.00435541104120542
6,184,0.271647657028154
6,189,0.172475315913265
6,191,0.27818230655437
6,193,0.603979634982619
6,201,0.41119937642656
6,202,0.733509719404364
6,208,0.197299333332218
6,211,0.450420598483229
7,156,0.435607269508867
7,161,0.44241286139409
7,168,0.263797376936433
7,172,0.27449053062113
7,174,0.133668072272656
7,186,0.0593345640573609
7,187,0.113747963499606
7,192,0.126005806839002
7,195,0.0813852004286701
7,206,0.054142574452068
8,2,0.971921203188253
8,7,0.886344075430582
8,10,0.820923032342438
8,15,0.84082458101115
8,19,0.511566866942462
8,23,0.221582262614825
8,27,0.387232218354646
8,34,0.998249174348401
8,40,0.592965165931032
8,223,0.224155739539223
8,227,0.258879624778612
8,229,0.680308860328749
8,232,0.102136627273084
9,101,0.203358034645245
9,111,0.341718447833916
9,133,0.254028958068806
9,135,0.173482576232732
9,143,0.355943164571524
9,157,0.272957742037332
10,18,0.831349315029686
10,38,0.378769513387893
10,42,0.806550986805859
10,43,0.429694547558676
10,45,0.905950241416905
10,47,0.684810408927289
10,48,0.578429801818941
10,52,0.871110075196378
10,56,0.204948150311295
10,58,0.745964923662798
10,68,0.540882074099924
10,70,0.480801285796898
10,72,0.199172624445595
10,76,0.68843734596671
10,85,0.927708592781027
11,37,0.0317312215914579
11,42,0.686900851118219
11,43,0.323366590215661
11,56,0.84398812300393
11,58,0.99219960552654
11,66,0.0458255670903996
11,68,0.464918113751946
11,76,0.97070857812712
11,77,0.0956884220552126
11,78,0.11879468406699
11,79,0.18194343433885
11,85,0.932534461068153
11,89,0.910497229270667
11,92,0.956299564337416
11,106,0.252873867930677
11,108,0.0560740244090291
11,109,0.0770534087090762
11,110,0.769367358969019
11,112,0.0767764477533437
11,124,0.0686236208854456
11,125,0.30989740943913
11,127,0.623113350354431
11,137,0.241987519398591
12,20,0.222867788810744
12,21,0.213286061681057
12,22,0.197734708650031
12,25,0.170784508466641
12,29,0.133800215350871
12,30,0.141842785096819
12,31,0.223625532543988
12,33,0.101872638428515
12,35,0.173206555339652
12,49,0.487953344524943
12,54,0.14062320423387
12,55,0.126018423996741
12,75,0.164092036947185
13,1,0.988481162525829
13,8,0.93347170116303
13,12,0.274025588837098
13,13,0.234521799691393
13,16,0.289619791478667
13,17,0.102579944357367
13,21,0.238319892291199
13,24,0.135455098586142
13,26,0.361721115593608
13,28,0.361971578013905
13,29,0.409826875903888
13,31,0.405571057421051
13,32,0.363897849183876
13,36,0.308272230796918
13,41,0.205820411313921
13,44,0.16792342894166
13,46,0.152908480149279
13,50,0.242774038538398
13,54,0.400419729924126
13,55,0.306287817268836
13,57,0.379716786925501
13,59,0.266924985604263
13,60,0.162883046689787
13,61,0.361101013858512
13,62,0.352613387701446
13,63,0.216700321980005
13,64,0.243774515725598
13,67,0.179451183896483
13,69,0.216317726346652
13,71,0.12050048888808
13,73,0.199491700956718
13,74,0.105354533142396
13,75,0.529699374545887
13,81,0.0786594451821289
13,83,0.182288108646617
13,86,0.735071796872705
13,215,0.293989036994917
14,17,0.176778631754012
14,25,0.136564215395138
14,30,0.11747268151321
14,35,0.103560351409798
14,39,0.0800168105130943
14,47,0.0703911602346735
14,49,0.125452918752205
14,53,0.0721557549304637
14,54,0.137627490114513
15,54,0.087645080329432
15,55,0.180655940086201
15,70,0.115802081614391
15,72,0.061379553317955
15,75,0.177059318659029
15,84,0.0843470827573357
15,99,0.0246303913955712
16,1,1
16,8,0.543934544137194
16,11,0.605293719811594
16,12,0.41753968145854
16,32,0.416496177283765
16,54,0.852022185279813
16,57,0.84799002758294
16,62,0.614365502414505
17,89,0.587061150906726
17,107,0.11041111269769
17,110,0.112994506265045
17,113,0.0605914310521134
17,116,0.0910591156693991
17,117,0.0606832652948159
17,118,0.0631306555355606
17,120,0.0558694485270484
17,122,0.0545814597714848
17,123,0.0498946657159339
17,128,0.0384576420654192
17,129,0.119731766335375
17,137,0.123567924416165
17,140,0.0518047209695278
17,141,0.202006294588854
17,145,0.0618588116360692
17,147,0.0272033913882512
17,153,0.0880177211379978
17,155,0.117257783306335
17,235,0.0554498820266432
18,158,0.234455652343581
18,159,0.347269118918875
18,163,0.153292738067429
18,164,0.197719855277495
18,165,0.108647548913535
18,167,0.231080698430133
18,175,0.16421667857541
18,178,0.132180498821657
18,181,0.040528764783513
19,51,0.346558080429781
19,103,0.800031690810427
20,91,0.727637614367658
20,96,0.136528591460638
20,105,0.103480422748066
20,111,0.153628613016005
20,114,0.0855180231266811
20,115,0.129865107577913
20,130,0.179500318376617
20,131,0.146999565140393
20,132,0.138145648900396
20,133,0.224271889553532
20,134,0.0876176824868502
20,135,0.223313713231352
20,136,0.0849887734650262
20,217,0.184853733067045
20,221,0.43222139418891
20,231,0.209044910237767
21,52,0.429490367736241
21,72,0.191148575755969
21,75,0.187102492471184
21,82,0.731504512442193
21,84,0.424438807853281
21,88,0.180553117329025
21,90,0.91510957317399
21,93,0.85917222747772
21,94,0.736702527588872
21,95,0.367670229605551
21,97,0.670463936237876
21,98,0.971387566092015
21,99,0.822055620600771
21,100,0.844172782781632
21,102,0.0454254222750945
21,104,0.096870198528722
22,58,0.997398543171585
22,85,0.998856971142521
22,89,0.247623524698936
22,97,0.588240862037072
22,102,0.542104720797504
22,104,0.201766431405133
22,107,0.290865271833343
23,1,1
23,3,0.998896013407011
23,4,0.959573144049004
23,5,0.999758060635537
23,6,0.99550391568043
23,8,0.922667204387722
23,9,0.723200264314336
23,13,0.786722624854148
23,14,0.243779750188364
23,17,0.327400620926044
23,18,0.139701773700093
23,20,0.105730350102097
23,22,0.18706661015641
23,25,0.214846052202901
23,33,0.139853276724896
23,35,0.0308074789193701
23,37,0.504733079302056
23,38,0.0325891570152482
23,39,0.0449506238978696
23,42,0.873603390544532
23,43,0.71492741709896
23,45,0.292257095010715
23,47,0.166535221374251
23,48,0.887196594286708
23,53,0.0490150131143359
23,56,0.445383657411805
23,70,0.951548250545727
23,72,0.85168001734141
23,76,0.132770191787094
24,194,0.303969889329898
24,196,0.999653870663674
24,198,0.142725541205576
24,199,0.0317358702317537
24,204,0.676008262426344
25,143,0.282162005140556
25,156,0.491487116557898
25,161,0.23855353227449
25,166,0.814680976011901
25,168,0.528770063573246
26,157,0.125891044017981
26,168,0.158036405690914
26,169,0.518866897789877
26,180,0.645614609643387
26,195,0.0385071349025077
26,200,0.457004354261585
26,205,1
26,206,0.0607806264913705
26,207,0.900892917497085
26,212,0.990953657594236
26,213,0.697886986858713
26,215,0.652755299893628
27,52,0.383738189967372
27,58,0.498974016529543
27,89,0.465105811874178
27,90,0.746006865248425
27,97,0.673657491226492
27,102,0.13084094553812
27,110,0.318910100897728
27,116,0.143153791886356
27,154,0.33414911798749
28,65,0.232291478478192
29,37,0.143632429374203
29,65,0.138758931736824
29,66,0.189445417218967
29,108,0.0154727539987072
29,109,0.0811439728142957
29,110,0.391051921816173
29,112,0.104114708648839
29,116,0.112775265360682
29,119,0.229711864176651
29,125,0.15443288665081
29,126,0.107714856790002
29,127,0.0791071349702885
29,137,0.15463718512351
29,138,0.0464669409261375
29,139,0.227120976867876
29,146,0.23952633432527
29,148,0.25777988014107
29,158,0.426882863044739
29,159,0.104871176013519
29,165,0.0646964927754254
29,167,0.0626483547093376
29,173,0.1311575663709
29,175,0.103122608425403
29,176,0.153292648100104
29,178,0.0728975228751623
29,181,0.117204637162253
29,185,0.10070898066731
30,78,0.425403118133545
30,103,0.380226840193114
31,169,0.681001232362092
31,200,0.839921930125322
31,203,0.10812304556395
31,205,0.215281199383762
31,206,0.0889961571737507
31,207,0.999159138800215
31,209,0.0255139209050254
31,210,0.0423984017815245
31,212,0.568981847005174
31,213,0.647138197124089
31,214,0.987477478751511
31,215,0.957597020550731
32,143,0.18753358032208
32,156,0.193373334817625
32,157,0.161493780995918
32,166,0.223677030731863
32,168,0.22890760399161
